"","m_name","m_director","m_actor","m_year","m_country","m_type","m_score","m_commit_count","m_detail_url"
"1","肖申克的救赎","导演: 弗兰克·德拉邦特 Frank Darabont","主演: 蒂姆·罗宾斯 Tim Robbins /...","1994","美国","犯罪 剧情","9.7","2513766","https://movie.douban.com/subject/1292052/"
"2","霸王别姬","导演: 陈凯歌 Kaige Chen","主演: 张国荣 Leslie Cheung / 张丰毅 Fengyi Zha...","1993","中国大陆 中国香港","剧情 爱情 同性","9.6","1868829","https://movie.douban.com/subject/1291546/"
"3","阿甘正传","导演: 罗伯特·泽米吉斯 Robert Zemeckis","主演: 汤姆·汉克斯 Tom Hanks / ...","1994","美国","剧情 爱情","9.5","1888721","https://movie.douban.com/subject/1292720/"
"4","这个杀手不太冷","导演: 吕克·贝松 Luc Besson","主演: 让·雷诺 Jean Reno / 娜塔莉·波特曼 ...","1994","法国 美国","剧情 动作 犯罪","9.4","2049843","https://movie.douban.com/subject/1295644/"
"5","泰坦尼克号","导演: 詹姆斯·卡梅隆 James Cameron","主演: 莱昂纳多·迪卡普里奥 Leonardo...","1997","美国 墨西哥 澳大利亚 加拿大","剧情 爱情 灾难","9.4","1850236","https://movie.douban.com/subject/1292722/"
"6","美丽人生","导演: 罗伯托·贝尼尼 Roberto Benigni","主演: 罗伯托·贝尼尼 Roberto Beni...","1997","意大利","剧情 喜剧 爱情 战争","9.6","1158262","https://movie.douban.com/subject/1292063/"
"7","千与千寻","导演: 宫崎骏 Hayao Miyazaki","主演: 柊瑠美 Rumi Hîragi / 入野自由 Miy...","2001","日本","剧情 动画 奇幻","9.4","1970059","https://movie.douban.com/subject/1291561/"
"8","辛德勒的名单","导演: 史蒂文·斯皮尔伯格 Steven Spielberg","主演: 连姆·尼森 Liam Neeson...","1993","美国","剧情 历史 战争","9.5","966163","https://movie.douban.com/subject/1295124/"
"9","盗梦空间","导演: 克里斯托弗·诺兰 Christopher Nolan","主演: 莱昂纳多·迪卡普里奥 Le...","2010","美国 英国","剧情 科幻 悬疑 冒险","9.3","1814050","https://movie.douban.com/subject/3541415/"
"10","忠犬八公的故事","导演: 莱塞·霍尔斯道姆 Lasse Hallström","主演: 理查·基尔 Richard Ger...","2009","美国 英国","剧情","9.4","1245259","https://movie.douban.com/subject/3011091/"
"11","楚门的世界","导演: 彼得·威尔 Peter Weir","主演: 金·凯瑞 Jim Carrey / 劳拉·琳妮 Lau...","1998","美国","剧情 科幻","9.3","1415256","https://movie.douban.com/subject/1292064/"
"12","星际穿越","导演: 克里斯托弗·诺兰 Christopher Nolan","主演: 马修·麦康纳 Matthew Mc...","2014","美国 英国 加拿大","剧情 科幻 冒险","9.4","1493513","https://movie.douban.com/subject/1889243/"
"13","海上钢琴师","导演: 朱塞佩·托纳多雷 Giuseppe Tornatore","主演: 蒂姆·罗斯 Tim Roth / ...","1998","意大利","剧情 音乐","9.3","1474011","https://movie.douban.com/subject/1292001/"
"14","三傻大闹宝莱坞","导演: 拉库马·希拉尼 Rajkumar Hirani","主演: 阿米尔·汗 Aamir Khan / 卡...","2009","印度","剧情 喜剧 爱情 歌舞","9.2","1650226","https://movie.douban.com/subject/3793023/"
"15","机器人总动员","导演: 安德鲁·斯坦顿 Andrew Stanton","主演: 本·贝尔特 Ben Burtt / 艾丽...","2008","美国","科幻 动画 冒险","9.3","1162515","https://movie.douban.com/subject/2131459/"
"16","放牛班的春天","导演: 克里斯托夫·巴拉蒂 Christophe Barratier","主演: 热拉尔·朱尼奥 Gé...","2004","法国 瑞士 德国","剧情 喜剧 音乐","9.3","1147384","https://movie.douban.com/subject/1291549/"
"17","无间道","导演: 刘伟强 / 麦兆辉","主演: 刘德华 / 梁朝伟 / 黄秋生","2002","中国香港","剧情 犯罪 惊悚","9.3","1145444","https://movie.douban.com/subject/1307914/"
"18","大话西游之大圣娶亲","导演: 刘镇伟 Jeffrey Lau","主演: 周星驰 Stephen Chow / 吴孟达 Man Tat Ng...","1995","中国香港 中国大陆","喜剧 爱情 奇幻 古装","9.2","1346050","https://movie.douban.com/subject/1292213/"
"19","疯狂动物城","导演: 拜伦·霍华德 Byron Howard / 瑞奇·摩尔 Rich Moore","主演: 金妮弗·...","2016","美国","喜剧 动画 冒险","9.2","1645334","https://movie.douban.com/subject/25662329/"
"20","熔炉","导演: 黄东赫 Dong-hyuk Hwang","主演: 孔侑 Yoo Gong / 郑有美 Yu-mi Jung /...","2011","韩国","剧情","9.3","818899","https://movie.douban.com/subject/5912992/"
"21","教父","导演: 弗朗西斯·福特·科波拉 Francis Ford Coppola","主演: 马龙·白兰度 M...","1972","美国","剧情 犯罪","9.3","824044","https://movie.douban.com/subject/1291841/"
"22","当幸福来敲门","导演: 加布里尔·穆奇诺 Gabriele Muccino","主演: 威尔·史密斯 Will Smith ...","2006","美国","剧情 传记 家庭","9.2","1333874","https://movie.douban.com/subject/1849031/"
"23","龙猫","导演: 宫崎骏 Hayao Miyazaki","主演: 日高法子 Noriko Hidaka / 坂本千夏 Ch...","1988","日本","动画 奇幻 冒险","9.2","1112568","https://movie.douban.com/subject/1291560/"
"24","控方证人","导演: 比利·怀尔德 Billy Wilder","主演: 泰隆·鲍华 Tyrone Power / 玛琳·...","1957","美国","剧情 犯罪 悬疑","9.6","415074","https://movie.douban.com/subject/1296141/"
"25","怦然心动","导演: 罗伯·莱纳 Rob Reiner","主演: 玛德琳·卡罗尔 Madeline Carroll / 卡...","2010","美国","剧情 喜剧 爱情","9.1","1594111","https://movie.douban.com/subject/3319755/"
"26","触不可及","导演: 奥利维·那卡什 Olivier Nakache / 艾力克·托兰达 Eric Toledano","主...","2011","法国","剧情 喜剧","9.3","905167","https://movie.douban.com/subject/6786002/"
"27","蝙蝠侠：黑暗骑士","导演: 克里斯托弗·诺兰 Christopher Nolan","主演: 克里斯蒂安·贝尔 Christ...","2008","美国 英国","剧情 动作 科幻 犯罪 惊悚","9.2","913652","https://movie.douban.com/subject/1851857/"
"28","末代皇帝","导演: 贝纳尔多·贝托鲁奇 Bernardo Bertolucci","主演: 尊龙 John Lone / 陈...","1987","英国 意大利 中国大陆 法国","剧情 传记 历史","9.3","730805","https://movie.douban.com/subject/1293172/"
"29","活着","导演: 张艺谋 Yimou Zhang","主演: 葛优 You Ge / 巩俐 Li Gong / 姜武 Wu Jiang","1994","中国大陆 中国香港","剧情 历史 家庭","9.3","713679","https://movie.douban.com/subject/1292365/"
"30","寻梦环游记","导演: 李·昂克里奇 Lee Unkrich / 阿德里安·莫利纳 Adrian Molina","主演: ...","2017","美国","喜剧 动画 奇幻 音乐","9.1","1410863","https://movie.douban.com/subject/20495023/"
"31","指环王3：王者无敌","导演: 彼得·杰克逊 Peter Jackson","主演: 伊利亚·伍德 Elijah Wood / 西恩...","2003","美国 新西兰","剧情 动作 奇幻 冒险","9.3","698065","https://movie.douban.com/subject/1291552/"
"32","乱世佳人","导演: 维克多·弗莱明 Victor Fleming / 乔治·库克 George Cukor","主演: 费...","1939","美国","剧情 历史 爱情 战争","9.3","603445","https://movie.douban.com/subject/1300267/"
"33","哈利·波特与魔法石","导演: Chris Columbus","主演: Daniel Radcliffe / Emma Watson / Rupert Grint","2001","美国 英国","奇幻 冒险","9.1","980548","https://movie.douban.com/subject/1295038/"
"34","飞屋环游记","导演: 彼特·道格特 Pete Docter / 鲍勃·彼德森 Bob Peterson","主演: 爱德...","2009","美国","剧情 喜剧 动画 冒险","9.1","1160941","https://movie.douban.com/subject/2129039/"
"35","素媛","导演: 李濬益 Jun-ik Lee","主演: 薛景求 Kyung-gu Sol / 严志媛 Ji-won Uhm ...","2013","韩国","剧情","9.3","587392","https://movie.douban.com/subject/21937452/"
"36","十二怒汉","导演: Sidney Lumet","主演: 亨利·方达 Henry Fonda / 马丁·鲍尔萨姆 Marti...","1957","美国","剧情","9.4","408661","https://movie.douban.com/subject/1293182/"
"37","摔跤吧！爸爸","导演: 涅提·蒂瓦里 Nitesh Tiwari","主演: 阿米尔·汗 Aamir Khan / 法缇玛...","2016","印度","剧情 传记 运动 家庭","9.0","1378628","https://movie.douban.com/subject/26387939/"
"38","哈尔的移动城堡","导演: 宫崎骏 Hayao Miyazaki","主演: 倍赏千惠子 Chieko Baishô / 木村拓...","2004","日本","动画 奇幻 冒险","9.1","874571","https://movie.douban.com/subject/1308807/"
"39","鬼子来了","导演: 姜文 Wen Jiang","主演: 姜文 Wen Jiang / 香川照之 Teruyuki Kagawa /...","2000","中国大陆","剧情 喜剧","9.3","539435","https://movie.douban.com/subject/1291858/"
"40","少年派的奇幻漂流","导演: 李安 Ang Lee","主演: 苏拉·沙玛 Suraj Sharma / 伊尔凡·可汗 Irrfan...","2012","美国 中国台湾 英国 加拿大","剧情 奇幻 冒险","9.1","1201452","https://movie.douban.com/subject/1929463/"
"41","何以为家","导演: 娜丁·拉巴基 Nadine Labaki","主演: 扎因·拉费阿 Zain al-Rafeea / ...","2018","黎巴嫩 美国 法国 塞浦路斯 卡塔尔 英国","剧情","9.1","896169","https://movie.douban.com/subject/30170448/"
"42","天空之城","导演: 宫崎骏 Hayao Miyazaki","主演: 田中真弓 Mayumi Tanaka / 横泽启子 Ke...","1986","日本","动画 奇幻 冒险","9.1","724699","https://movie.douban.com/subject/1291583/"
"43","大话西游之月光宝盒","导演: 刘镇伟 Jeffrey Lau","主演: 周星驰 Stephen Chow / 吴孟达 Man Tat Ng...","1995","中国香港 中国大陆","喜剧 爱情 奇幻 古装","9.0","1072444","https://movie.douban.com/subject/1299398/"
"44","天堂电影院","导演: 朱塞佩·托纳多雷 Giuseppe Tornatore","主演: 菲利普·努瓦雷 Philipp...","1988","意大利 法国","剧情 爱情","9.2","600796","https://movie.douban.com/subject/1291828/"
"45","闻香识女人","导演: 马丁·布莱斯 Martin Brest","主演: 阿尔·帕西诺 Al Pacino / 克里斯...","1992","美国","剧情","9.1","754327","https://movie.douban.com/subject/1298624/"
"46","罗马假日","导演: 威廉·惠勒 William Wyler","主演: 奥黛丽·赫本 Audrey Hepburn / 格...","1953","美国","喜剧 剧情 爱情","9.1","843812","https://movie.douban.com/subject/1293839/"
"47","我不是药神","导演: 文牧野 Muye Wen","主演: 徐峥 Zheng Xu / 王传君 Chuanjun Wang / 周...","2018","中国大陆","剧情 喜剧","9.0","1835002","https://movie.douban.com/subject/26752088/"
"48","指环王2：双塔奇兵","导演: 彼得·杰克逊 Peter Jackson","主演: 伊利亚·伍德 Elijah Wood / 西恩...","2002","美国 新西兰","剧情 动作 奇幻 冒险","9.2","650450","https://movie.douban.com/subject/1291572/"
"49","猫鼠游戏","导演: 史蒂文·斯皮尔伯格 Steven Spielberg","主演: 莱昂纳多·迪卡普里奥 L...","2002","美国 加拿大","传记 犯罪 剧情","9.1","816424","https://movie.douban.com/subject/1305487/"
"50","辩护人","导演: 杨宇硕 Woo-seok Yang","主演: 宋康昊 Kang-ho Song / 金英爱 Yeong-ae...","2013","韩国","剧情","9.2","523073","https://movie.douban.com/subject/21937445/"
"51","钢琴家","导演: 罗曼·波兰斯基 Roman Polanski","主演: 艾德里安·布洛迪 Adrien Brod...","2002","英国 法国 波兰 德国","剧情 传记 战争 音乐","9.2","504592","https://movie.douban.com/subject/1296736/"
"52","指环王1：护戒使者","导演: 彼得·杰克逊 Peter Jackson","主演: 伊利亚·伍德 Elijah Wood / 西恩...","2001","新西兰 美国","剧情 动作 奇幻 冒险","9.1","737201","https://movie.douban.com/subject/1291571/"
"53","死亡诗社","导演: 彼得·威尔 Peter Weir","主演: 罗宾·威廉姆斯 Robin Williams / 罗伯...","1989","美国","剧情","9.1","609343","https://movie.douban.com/subject/1291548/"
"54","大闹天宫","导演: 万籁鸣 Laiming Wan","主演: 邱岳峰 Yuefeng Qiu / 富润生 Runsheng Fu...","1961(中国大陆)","中国大陆","剧情 动画 奇幻 古装","9.4","366656","https://movie.douban.com/subject/1418019/"
"55","教父2","导演: 弗朗西斯·福特·科波拉 Francis Ford Coppola","主演: 阿尔·帕西诺 A...","1974","美国","剧情 犯罪","9.2","464800","https://movie.douban.com/subject/1299131/"
"56","让子弹飞","导演: 姜文 Wen Jiang","主演: 姜文 Wen Jiang / 葛优 You Ge / 周润发 Yun-F...","2010","中国大陆 中国香港","剧情 喜剧 动作 西部","8.9","1444323","https://movie.douban.com/subject/3742360/"
"57","搏击俱乐部","导演: 大卫·芬奇 David Fincher","主演: 爱德华·诺顿 Edward Norton / 布拉...","1999","美国 德国 意大利","剧情 动作 悬疑 惊悚","9.0","737864","https://movie.douban.com/subject/1292000/"
"58","狮子王","导演: Roger Allers / 罗伯·明可夫 Rob Minkoff","主演: 乔纳森·泰勒·托马...","1994","美国","动画 冒险 歌舞","9.1","723564","https://movie.douban.com/subject/1301753/"
"59","黑客帝国","导演: 安迪·沃卓斯基 Andy Wachowski / 拉娜·沃卓斯基 Lana Wachowski","主...","1999","美国","动作 科幻","9.1","720963","https://movie.douban.com/subject/1291843/"
"60","饮食男女","导演: 李安 Ang Lee","主演: 郎雄 Sihung Lung / 杨贵媚 Kuei-Mei Yang / 吴...","1994","中国台湾 美国","剧情 家庭","9.1","523915","https://movie.douban.com/subject/1291818/"
"61","美丽心灵","导演: 朗·霍华德 Ron Howard","主演: 罗素·克劳 Russell Crowe / 艾德·哈...","2001","美国","传记 剧情","9.0","664991","https://movie.douban.com/subject/1306029/"
"62","海蒂和爷爷","导演: 阿兰·葛斯彭纳 Alain Gsponer","主演: 阿努克·斯特芬 Anuk Steffen /...","2015","德国 瑞士","剧情 冒险 家庭","9.3","437497","https://movie.douban.com/subject/25958717/"
"63","窃听风暴","导演: 弗洛里安·亨克尔·冯·多纳斯马尔克 Florian Henckel von Donnersmarck  &n...","","2006","德国","剧情 悬疑","9.2","488974","https://movie.douban.com/subject/1900841/"
"64","两杆大烟枪","导演: Guy Ritchie","主演: Jason Flemyng / Dexter Fletcher / Nick Moran","1998","英国","剧情 喜剧 犯罪","9.1","525379","https://movie.douban.com/subject/1293350/"
"65","本杰明·巴顿奇事","导演: 大卫·芬奇 David Fincher","主演: 凯特·布兰切特 Cate Blanchett / ...","2008","美国","剧情 爱情 奇幻","9.0","858605","https://movie.douban.com/subject/1485260/"
"66","情书","导演: 岩井俊二 Shunji Iwai","主演: 中山美穗 Miho Nakayama / 丰川悦司 Ets...","1995","日本","剧情 爱情","8.9","913603","https://movie.douban.com/subject/1292220/"
"67","飞越疯人院","导演: 米洛斯·福尔曼 Miloš Forman","主演: 杰克·尼科尔森 Jack Nichols...","1975","美国","剧情","9.1","492610","https://movie.douban.com/subject/1292224/"
"68","穿条纹睡衣的男孩","导演: 马克·赫尔曼 Mark Herman","主演: 阿萨·巴特菲尔德 Asa Butterfield ...","2008","英国 美国","剧情 战争","9.1","464025","https://movie.douban.com/subject/3008247/"
"69","西西里的美丽传说","导演: 朱塞佩·托纳多雷 Giuseppe Tornatore","主演: 莫妮卡·贝鲁奇 Monica ...","2000","意大利 美国","剧情 战争 情色","8.9","851292","https://movie.douban.com/subject/1292402/"
"70","拯救大兵瑞恩","导演: 史蒂文·斯皮尔伯格 Steven Spielberg","主演: 汤姆·汉克斯 Tom Hanks...","1998","美国","剧情 战争","9.0","563512","https://movie.douban.com/subject/1292849/"
"71","绿皮书","导演: 彼得·法雷里 Peter Farrelly","主演: 维果·莫腾森 Viggo Mortensen /...","2018","美国 中国大陆","剧情 喜剧 传记 音乐","8.9","1376344","https://movie.douban.com/subject/27060077/"
"72","看不见的客人","导演: 奥里奥尔·保罗 Oriol Paulo","主演: 马里奥·卡萨斯 Mario Casas / 阿...","2016","西班牙","剧情 犯罪 悬疑 惊悚","8.8","1073546","https://movie.douban.com/subject/26580232/"
"73","小鞋子","导演: 马基德·马基迪 Majid Majidi","主演: 默罕默德·阿米尔·纳吉 Mohamma...","1997","伊朗","剧情 儿童 家庭","9.2","354795","https://movie.douban.com/subject/1303021/"
"74","音乐之声","导演: 罗伯特·怀斯 Robert Wise","主演: 朱莉·安德鲁斯 Julie Andrews / 克...","1965","美国","剧情 传记 爱情 歌舞","9.1","522129","https://movie.douban.com/subject/1294408/"
"75","海豚湾","导演: 路易·西霍尤斯 Louie Psihoyos","主演: Richard O'Barry / 路易·西霍...","2009","美国","纪录片","9.3","325550","https://movie.douban.com/subject/3442220/"
"76","美国往事","导演: 赛尔乔·莱翁内 Sergio Leone","主演: 罗伯特·德尼罗 Robert De Niro ...","1984","美国 意大利","犯罪 剧情","9.2","359214","https://movie.douban.com/subject/1292262/"
"77","阿凡达","导演: 詹姆斯·卡梅隆 James Cameron","主演: 萨姆·沃辛顿 Sam Worthington ...","2009","美国","动作 科幻 冒险","8.8","1219186","https://movie.douban.com/subject/1652587/"
"78","致命魔术","导演: 克里斯托弗·诺兰 Christopher Nolan","主演: 休·杰克曼 Hugh Jackman...","2006","英国 美国","剧情 悬疑 惊悚","8.9","747985","https://movie.douban.com/subject/1780330/"
"79","沉默的羔羊","导演: 乔纳森·戴米 Jonathan Demme","主演: 朱迪·福斯特 Jodie Foster / 安...","1991","美国","剧情 犯罪 惊悚","8.9","755679","https://movie.douban.com/subject/1293544/"
"80","禁闭岛","导演: Martin Scorsese","主演: 莱昂纳多·迪卡普里奥 Leonardo DiCaprio / ...","2010","美国","剧情 悬疑 惊悚","8.8","832903","https://movie.douban.com/subject/2334904/"
"81","蝴蝶效应","导演: 埃里克·布雷斯 Eric Bress / J·麦基·格鲁伯 J. Mackye Gruber","主...","2004","美国 加拿大","剧情 悬疑 科幻 惊悚","8.8","812758","https://movie.douban.com/subject/1292343/"
"82","低俗小说","导演: 昆汀·塔伦蒂诺 Quentin Tarantino","主演: 约翰·特拉沃尔塔 John Tra...","1994","美国","剧情 喜剧 犯罪","8.9","723005","https://movie.douban.com/subject/1291832/"
"83","心灵捕手","导演: 格斯·范·桑特 Gus Van Sant","主演: 马特·达蒙 Matt Damon / 罗宾·...","1997","美国","剧情","8.9","615317","https://movie.douban.com/subject/1292656/"
"84","布达佩斯大饭店","导演: 韦斯·安德森 Wes Anderson","主演: 拉尔夫·费因斯 Ralph Fiennes / ...","2014","美国 德国 英国","剧情 喜剧 冒险","8.9","783307","https://movie.douban.com/subject/11525673/"
"85","春光乍泄","导演: 王家卫 Kar Wai Wong","主演: 张国荣 Leslie Cheung / 梁朝伟 Tony Leu...","1997","中国香港 日本 韩国","剧情 爱情 同性","9.0","545935","https://movie.douban.com/subject/1292679/"
"86","七宗罪","导演: 大卫·芬奇 David Fincher","主演: 摩根·弗里曼 Morgan Freeman / 布...","1995","美国","剧情 犯罪 悬疑 惊悚","8.8","836325","https://movie.douban.com/subject/1292223/"
"87","哈利·波特与死亡圣器(下)","导演: 大卫·叶茨 David Yates","主演: 丹尼尔·雷德克里夫 Daniel Radcliffe...","2011","美国 英国","奇幻 冒险","8.9","699204","https://movie.douban.com/subject/3011235/"
"88","摩登时代","导演: 查理·卓别林 Charles Chaplin","主演: 查理·卓别林 Charles Chaplin ...","1936","美国","剧情 喜剧 爱情","9.3","255433","https://movie.douban.com/subject/1294371/"
"89","被嫌弃的松子的一生","导演: 中岛哲也 Tetsuya Nakashima","主演: 中谷美纪 Miki Nakatani / 瑛太 E...","2006","日本","剧情 歌舞","8.9","630485","https://movie.douban.com/subject/1787291/"
"90","喜剧之王","导演: 周星驰 Stephen Chow / 李力持 Lik-Chi Lee","主演: 周星驰 Stephen Ch...","1999","中国香港","喜剧 剧情 爱情","8.8","837666","https://movie.douban.com/subject/1302425/"
"91","致命ID","导演: 詹姆斯·曼高德 James Mangold","主演: 约翰·库萨克 John Cusack / 雷...","2003","美国","剧情 悬疑 惊悚","8.8","701797","https://movie.douban.com/subject/1297192/"
"92","加勒比海盗","导演: 戈尔·维宾斯基 Gore Verbinski","主演: 约翰尼·德普 Johnny Depp / ...","2003","美国","动作 冒险 奇幻","8.8","753300","https://movie.douban.com/subject/1298070/"
"93","勇敢的心","导演: 梅尔·吉布森 Mel Gibson","主演: 梅尔·吉布森 Mel Gibson / 苏菲·玛...","1995","美国","动作 传记 剧情 历史 战争","8.9","510472","https://movie.douban.com/subject/1294639/"
"94","杀人回忆","导演: 奉俊昊 Joon-ho Bong","主演: 宋康昊 Kang-ho Song / 金相庆 Sang-kyun...","2003","韩国","剧情 动作 犯罪 悬疑 惊悚","8.9","597506","https://movie.douban.com/subject/1300299/"
"95","剪刀手爱德华","导演: 蒂姆·波顿 Tim Burton","主演: 约翰尼·德普 Johnny Depp / 薇诺娜·...","1990","美国","剧情 奇幻 爱情","8.7","937552","https://movie.douban.com/subject/1292370/"
"96","狩猎","导演: 托马斯·温特伯格 Thomas Vinterberg","主演: 麦斯·米科尔森 Mads Mik...","2012","丹麦 瑞典","剧情","9.1","328754","https://movie.douban.com/subject/6985810/"
"97","红辣椒","导演: 今敏 Satoshi Kon","主演: 林原惠美 Megumi Hayashibara / 江守彻 Toru...","2006","日本","动画 悬疑 科幻 惊悚","9.0","378112","https://movie.douban.com/subject/1865703/"
"98","断背山","导演: 李安 Ang Lee","主演: 希斯·莱杰 Heath Ledger / 杰克·吉伦哈尔 Jake...","2005","美国 加拿大","剧情 爱情 同性 家庭","8.8","629340","https://movie.douban.com/subject/1418834/"
"99","天使爱美丽","导演: 让-皮埃尔·热内 Jean-Pierre Jeunet","主演: 奥黛丽·塔图 Audrey Tau...","2001","法国 德国","剧情 喜剧 爱情","8.7","880099","https://movie.douban.com/subject/1292215/"
"100","请以你的名字呼唤我","导演: 卢卡·瓜达尼诺 Luca Guadagnino","主演: 艾米·汉莫 Armie Hammer / ...","2017","意大利 法国 巴西 美国 荷兰 德国","剧情 爱情 同性","8.9","606856","https://movie.douban.com/subject/26799731/"
"101","超脱","导演: 托尼·凯耶 Tony Kaye","主演: 艾德里安·布洛迪 Adrien Brody / 马西...","2011","美国","剧情","8.9","458564","https://movie.douban.com/subject/5322596/"
"102","7号房的礼物","导演: 李焕庆 Hwan-kyeong Lee","主演: 柳承龙 Seung-yong Ryoo / 朴信惠 Shi...","2013","韩国","剧情 喜剧 家庭","8.9","478092","https://movie.douban.com/subject/10777687/"
"103","入殓师","导演: 泷田洋二郎 Yôjirô Takita","主演: 本木雅弘 Masahiro Motoki / ...","2008","日本","剧情","8.9","569599","https://movie.douban.com/subject/2149806/"
"104","幽灵公主","导演: 宫崎骏 Hayao Miyazaki","主演: 松田洋治 Yôji Matsuda / 石田百合...","1997","日本","动画 奇幻 冒险","8.9","463451","https://movie.douban.com/subject/1297359/"
"105","第六感","导演: M·奈特·沙马兰 M. Night Shyamalan","主演: 布鲁斯·威利斯 Bruce Wi...","1999","美国","剧情 悬疑 惊悚","8.9","481163","https://movie.douban.com/subject/1297630/"
"106","重庆森林","导演: 王家卫 Kar Wai Wong","主演: 林青霞 Brigitte Lin / 金城武 Takeshi K...","1994","中国香港","剧情 爱情","8.8","694011","https://movie.douban.com/subject/1291999/"
"107","阳光灿烂的日子","导演: 姜文 Wen Jiang","主演: 夏雨 Yu Xia / 宁静 Jing Ning / 陶虹 Hong Tao","1994","中国大陆 中国香港","剧情 爱情","8.8","539291","https://movie.douban.com/subject/1291875/"
"108","小森林 夏秋篇","导演: 森淳一 Junichi Mori","主演: 桥本爱 Ai Hashimoto / 三浦贵大 Takahir...","2014","日本","剧情","9.0","370298","https://movie.douban.com/subject/25814705/"
"109","一一","导演: 杨德昌 Edward Yang","主演: 吴念真 / 李凯莉 Kelly Lee / 金燕玲 Elai...","2000","中国台湾 日本","剧情 爱情 家庭","9.1","314853","https://movie.douban.com/subject/1292434/"
"110","功夫","导演: 周星驰 Stephen Chow","主演: 周星驰 Stephen Chow / 元秋 Qiu Yuen / ...","2004","中国大陆 中国香港","动作 喜剧 犯罪 奇幻","8.7","917536","https://movie.douban.com/subject/1291543/"
"111","爱在黎明破晓前","导演: 理查德·林克莱特 Richard Linklater","主演: 伊桑·霍克 Ethan Hawke ...","1995","美国 奥地利 瑞士","剧情 爱情","8.8","560571","https://movie.douban.com/subject/1296339/"
"112","唐伯虎点秋香","导演: 李力持 Lik-Chi Lee","主演: 周星驰 Stephen Chow / 巩俐 Li Gong / 陈...","1993","中国香港","喜剧 爱情 古装","8.7","924485","https://movie.douban.com/subject/1306249/"
"113","菊次郎的夏天","导演: 北野武 Takeshi Kitano","主演: 北野武 Takeshi Kitano / 关口雄介 Yus...","1999","日本","剧情 喜剧","8.9","508390","https://movie.douban.com/subject/1293359/"
"114","蝙蝠侠：黑暗骑士崛起","导演: 克里斯托弗·诺兰 Christopher Nolan","主演: 克里斯蒂安·贝尔 Christ...","2012","美国 英国","剧情 动作 科幻 犯罪 惊悚","8.8","622815","https://movie.douban.com/subject/3395373/"
"115","哈利·波特与阿兹卡班的囚徒","导演: Alfonso Cuarón","主演: 丹尼尔·雷德克里夫 Daniel Radcliffe / Emma...","2004","英国 美国","奇幻 冒险","8.9","582046","https://movie.douban.com/subject/1291544/"
"116","无人知晓","导演: 是枝裕和 Hirokazu Koreeda","主演: 柳乐优弥 Yûya Yagira / 北浦爱...","2004","日本","剧情","9.1","265780","https://movie.douban.com/subject/1292337/"
"117","消失的爱人","导演: 大卫·芬奇 David Fincher","主演: 本·阿弗莱克 Ben Affleck / 罗莎蒙...","2014","美国","剧情 犯罪 悬疑 惊悚","8.7","796905","https://movie.douban.com/subject/21318488/"
"118","小森林 冬春篇","导演: 森淳一 Junichi Mori","主演: 桥本爱 Ai Hashimoto / 三浦贵大 Takahir...","2015","日本","剧情","9.0","331177","https://movie.douban.com/subject/25814707/"
"119","侧耳倾听","导演: 近藤喜文 Yoshifumi Kondo","主演: 本名阳子 Youko Honna / 小林桂树 K...","1995","日本","剧情 爱情 动画","8.9","401497","https://movie.douban.com/subject/1297052/"
"120","爱在日落黄昏时","导演: 理查德·林克莱特 Richard Linklater","主演: 伊桑·霍克 Ethan Hawke ...","2004","美国 法国","剧情 爱情","8.9","462576","https://movie.douban.com/subject/1291990/"
"121","甜蜜蜜","导演: 陈可辛 Peter Chan","主演: 黎明 Leon Lai / 张曼玉 Maggie Cheung / ...","1996","中国香港","剧情 爱情","8.9","453527","https://movie.douban.com/subject/1305164/"
"122","完美的世界","导演: 克林特·伊斯特伍德 Clint Eastwood","主演: 凯文·科斯特纳 Kevin Cos...","1993","美国","剧情 犯罪","9.1","259166","https://movie.douban.com/subject/1300992/"
"123","倩女幽魂","导演: 程小东 Siu-Tung Ching","主演: 张国荣 Leslie Cheung / 王祖贤 Joey W...","1987","中国香港","爱情 奇幻 武侠 古装","8.8","641621","https://movie.douban.com/subject/1297447/"
"124","超能陆战队","导演: 唐·霍尔 Don Hall / 克里斯·威廉姆斯 Chris Williams","主演: 斯科特...","2014","美国","喜剧 动作 科幻 动画 冒险","8.7","879255","https://movie.douban.com/subject/11026735/"
"125","借东西的小人阿莉埃蒂","导演: 米林宏昌 Hiromasa Yonebayashi","主演: 志田未来 Mirai Shida / 神木...","2010","日本","动画 奇幻 冒险","8.9","476006","https://movie.douban.com/subject/4202302/"
"126","玛丽和马克思","导演: 亚当·艾略特 Adam Elliot","主演: 托妮·科莱特 Toni Collette / 菲利...","2009","澳大利亚 美国","剧情 喜剧 动画","8.9","383421","https://movie.douban.com/subject/3072124/"
"127","幸福终点站","导演: 史蒂文·斯皮尔伯格 Steven Spielberg","主演: 汤姆·汉克斯 Tom Hanks...","2004","美国","喜剧 剧情 爱情","8.8","480851","https://movie.douban.com/subject/1292274/"
"128","萤火之森","导演: 大森贵弘 Takahiro Omori","主演: 佐仓绫音 Ayane Sakura / 内山昂辉 K...","2011","日本","剧情 爱情 动画 奇幻","8.9","455032","https://movie.douban.com/subject/5989818/"
"129","驯龙高手","导演: 迪恩·德布洛斯 Dean DeBlois / 克里斯·桑德斯 Chris Sanders","主演:...","2010","美国","动画 奇幻 冒险","8.7","662889","https://movie.douban.com/subject/2353023/"
"130","告白","导演: 中岛哲也 Tetsuya Nakashima","主演: 松隆子 Takako Matsu / 冈田将生 ...","2010","日本","剧情 悬疑","8.8","606080","https://movie.douban.com/subject/4268598/"
"131","大鱼","导演: 蒂姆·波顿 Tim Burton","主演: 伊万·麦克格雷格 Ewan McGregor / 阿...","2003","美国","剧情 家庭 奇幻 冒险","8.8","500845","https://movie.douban.com/subject/1291545/"
"132","哈利·波特与密室","导演: Chris Columbus","主演: 丹尼尔·雷德克里夫 Daniel Radcliffe / 艾玛...","2002","英国 美国","奇幻 冒险","8.8","608388","https://movie.douban.com/subject/1296996/"
"133","阳光姐妹淘","导演: 姜炯哲 Hyeong-Cheol Kang","主演: 沈恩京 Eun-kyung Shim / 闵孝琳 Hy...","2011","韩国","剧情 喜剧","8.8","537555","https://movie.douban.com/subject/4917726/"
"134","射雕英雄传之东成西就","导演: 刘镇伟 Jeffrey Lau","主演: 梁朝伟 Tony Leung Chiu Wai / 林青霞 Bri...","1993","中国香港","喜剧 奇幻 武侠 古装","8.7","560193","https://movie.douban.com/subject/1316510/"
"135","时空恋旅人","导演: 理查德·柯蒂斯 Richard Curtis","主演: 多姆纳尔·格里森 Domhnall Gl...","2013","英国","喜剧 爱情 奇幻","8.8","539617","https://movie.douban.com/subject/10577869/"
"136","怪兽电力公司","导演: 彼特·道格特 Pete Docter / 大卫·斯沃曼 David Silverman","主演: 约...","2001","美国","儿童 喜剧 动画 奇幻 冒险","8.7","573965","https://movie.douban.com/subject/1291579/"
"137","神偷奶爸","导演: 皮艾尔·柯芬 Pierre Coffin / 克里斯·雷纳德 Chris Renaud","主演: ...","2010","美国 法国","喜剧 动画 冒险","8.6","839360","https://movie.douban.com/subject/3287562/"
"138","恐怖直播","导演: 金秉祐 Byeong-woo Kim","主演: 河正宇 Jung-woo Ha / 李璟荣 Kyeong-y...","2013","韩国","剧情 犯罪 悬疑","8.7","568097","https://movie.douban.com/subject/21360417/"
"139","教父3","导演: 弗朗西斯·福特·科波拉 Francis Ford Coppola","主演: 阿尔·帕西诺 A...","1990","美国","剧情 犯罪","9.0","312612","https://movie.douban.com/subject/1294240/"
"140","傲慢与偏见","导演: 乔·怀特 Joe Wright","主演: 凯拉·奈特莉 Keira Knightley / 马修·...","2005","法国 英国 美国","剧情 爱情","8.7","683949","https://movie.douban.com/subject/1418200/"
"141","玩具总动员3","导演: 李·昂克里奇 Lee Unkrich","主演: 汤姆·汉克斯 Tom Hanks / 蒂姆·艾...","2010","美国","喜剧 动画 奇幻 冒险","8.9","441846","https://movie.douban.com/subject/1858711/"
"142","一个叫欧维的男人决定去死","导演: 汉内斯·赫尔姆 Hannes Holm","主演: 罗夫·拉斯加德 Rolf Lassgård...","2015","瑞典","剧情","8.9","378367","https://movie.douban.com/subject/26628357/"
"143","哪吒闹海","导演: 王树忱 Shuchen Wang / 严定宪 Dingxian Yan","主演: 梁正晖 Zhenghui ...","1979","中国大陆","冒险 动画 奇幻","9.1","221557","https://movie.douban.com/subject/1307315/"
"144","七武士","导演: 黑泽明 Akira Kurosawa","主演: 三船敏郎 Toshirô Mifune / 志村乔 ...","1954","日本","动作 冒险 剧情","9.3","167978","https://movie.douban.com/subject/1295399/"
"145","被解救的姜戈","导演: 昆汀·塔伦蒂诺 Quentin Tarantino","主演: 杰米·福克斯 Jamie Foxx /...","2012","美国","剧情 动作 西部 冒险","8.8","525758","https://movie.douban.com/subject/6307447/"
"146","未麻的部屋","导演: 今敏 Satoshi Kon","主演: 岩男润子 Junko Iwao / 松本梨香 Rica Matsu...","1997","日本","动画 奇幻 惊悚","9.0","262739","https://movie.douban.com/subject/1395091/"
"147","血战钢锯岭","导演: 梅尔·吉布森 Mel Gibson","主演: 安德鲁·加菲尔德 Andrew Garfield /...","2016","澳大利亚 美国","剧情 传记 历史 战争","8.7","692304","https://movie.douban.com/subject/26325320/"
"148","喜宴","导演: 李安 Ang Lee","主演: 赵文瑄 Winston Chao / 郎雄 Sihung Lung / 归亚...","1993","中国台湾 美国","剧情 喜剧 爱情 同性 家庭","8.9","299785","https://movie.douban.com/subject/1303037/"
"149","我是山姆","导演: 杰茜·尼尔森 Jessie Nelson","主演: Sean Penn / Dakota Fanning / Mi...","2001","美国","剧情 家庭","9.0","282522","https://movie.douban.com/subject/1306861/"
"150","釜山行","导演: 延尚昊 Sang-ho Yeon","主演: 孔侑 Yoo Gong / 郑有美 Yu-mi Jung / 马...","2016","韩国","动作 惊悚 灾难","8.6","1035485","https://movie.douban.com/subject/25986180/"
"151","风之谷","导演: 宫崎骏 Hayao Miyazaki","主演: 岛本须美 Sumi Shimamoto / 松田洋治 Y...","1984","日本","动画 奇幻 冒险","8.9","319372","https://movie.douban.com/subject/1291585/"
"152","上帝之城","导演: 费尔南多·梅里尔斯 Fernando Meirelles / 卡迪亚·兰德 Kátia Lund  &nbsp...","","2002","巴西 法国","犯罪 剧情","9.0","268361","https://movie.douban.com/subject/1292208/"
"153","电锯惊魂","导演: 詹姆斯·温 James Wan","主演: 雷·沃纳尔 Leigh Whannell / 加利·艾...","2004","美国","悬疑 惊悚 恐怖","8.8","456083","https://movie.douban.com/subject/1417598/"
"154","花样年华","导演: 王家卫 Kar Wai Wong","主演: 梁朝伟 Tony Leung Chiu Wai / 张曼玉 Ma...","2000","中国香港","剧情 爱情","8.7","510304","https://movie.douban.com/subject/1291557/"
"155","谍影重重3","导演: 保罗·格林格拉斯 Paul Greengrass","主演: 马特·达蒙 Matt Damon / ...","2007","美国 德国","动作 悬疑 惊悚","8.8","369770","https://movie.douban.com/subject/1578507/"
"156","卢旺达饭店","导演: 特瑞·乔治 Terry George","主演: 唐·钱德尔 Don Cheadle / 苏菲·奥...","2004","英国 南非 意大利 美国","剧情 传记 历史 战争","8.9","279353","https://movie.douban.com/subject/1291822/"
"157","模仿游戏","导演: 莫滕·泰杜姆 Morten Tyldum","主演: 本尼迪克特·康伯巴奇 Benedict C...","2014","英国 美国","剧情 传记 战争 同性","8.7","542443","https://movie.douban.com/subject/10463953/"
"158","黑客帝国3：矩阵革命","导演: 拉娜·沃卓斯基 Lana Wachowski / 莉莉·沃卓斯基 Lilly Wachowski","...","2003","美国","动作 科幻","8.8","385952","https://movie.douban.com/subject/1302467/"
"159","达拉斯买家俱乐部","导演: 让-马克·瓦雷 Jean-Marc Vallée","主演: 马修·麦康纳 Matthew McCon...","2013","美国","剧情 传记 同性","8.8","393103","https://movie.douban.com/subject/1793929/"
"160","新世界","导演: 朴勋政 Hoon-jung Park","主演: 李政宰 Jung-Jae Lee / 崔岷植 Min-sik...","2013","韩国","剧情 犯罪","8.9","333264","https://movie.douban.com/subject/10437779/"
"161","三块广告牌","导演: 马丁·麦克唐纳 Martin McDonagh","主演: 弗兰西斯·麦克多蒙德 France...","2017","美国 英国","剧情 犯罪","8.7","721922","https://movie.douban.com/subject/26611804/"
"162","英雄本色","导演: 吴宇森 John Woo","主演: 周润发 Yun-Fat Chow / 狄龙 Lung Ti / 张国...","1986","中国香港","剧情 动作 犯罪","8.6","457940","https://movie.douban.com/subject/1297574/"
"163","纵横四海","导演: 吴宇森 John Woo","主演: 周润发 Yun-Fat Chow / 张国荣 Leslie Cheung...","1991","中国香港","剧情 喜剧 动作 犯罪","8.8","361253","https://movie.douban.com/subject/1295409/"
"164","疯狂原始人","导演: 科克·德·米科 Kirk De Micco / 克里斯·桑德斯 Chris Sanders","主演...","2013","美国","喜剧 动画 冒险","8.7","746969","https://movie.douban.com/subject/1907966/"
"165","心迷宫","导演: 忻钰坤 Yukun Xin","主演: 霍卫民 Weimin Huo / 王笑天 Xiaotian Wang ...","2014","中国大陆","剧情 犯罪 悬疑","8.7","438793","https://movie.douban.com/subject/25917973/"
"166","岁月神偷","导演: 罗启锐 Alex Law","主演: 吴君如 Sandra Ng / 任达华 Simon Yam / 钟绍...","2010","中国香港 中国大陆","剧情 家庭","8.7","523352","https://movie.douban.com/subject/3792799/"
"167","头号玩家","导演: 史蒂文·斯皮尔伯格 Steven Spielberg","主演: 泰伊·谢里丹 Tye Sheri...","2018","美国","动作 科幻 冒险","8.7","1199211","https://movie.douban.com/subject/4920389/"
"168","头脑特工队","导演: 彼特·道格特 Pete Docter / 罗纳尔多·德尔·卡门 Ronaldo Del Carmen  &nb...","","2015","美国","喜剧 动画 冒险","8.8","519721","https://movie.douban.com/subject/10533913/"
"169","记忆碎片","导演: 克里斯托弗·诺兰 Christopher Nolan","主演: 盖·皮尔斯 Guy Pearce /...","2000","美国","犯罪 剧情 悬疑 惊悚","8.7","534368","https://movie.douban.com/subject/1304447/"
"170","你的名字。","导演: 新海诚 Makoto Shinkai","主演: 神木隆之介 Ryûnosuke Kamiki / 上...","2016","日本","剧情 爱情 动画","8.5","1208299","https://movie.douban.com/subject/26683290/"
"171","忠犬八公物语","导演: Seijirô Kôyama","主演: 山本圭 Kei Yamamoto / 井川比佐志 Hisa...","1987","日本","剧情","9.2","167349","https://movie.douban.com/subject/1959195/"
"172","荒蛮故事","导演: 达米安·斯兹弗隆 Damián Szifron","主演: 达里奥·葛兰帝内提 Darío...","2014","阿根廷 西班牙","剧情 喜剧 犯罪","8.8","381371","https://movie.douban.com/subject/24750126/"
"173","惊魂记","导演: 阿尔弗雷德·希区柯克 Alfred Hitchcock","主演: 安东尼·博金斯 Antho...","1960","美国","悬疑 惊悚 恐怖","9.0","231576","https://movie.douban.com/subject/1293181/"
"174","海街日记","导演: 是枝裕和 Hirokazu Koreeda","主演: 绫濑遥 Haruka Ayase / 长泽雅美 M...","2015","日本","剧情 家庭","8.8","376032","https://movie.douban.com/subject/25895901/"
"175","爆裂鼓手","导演: 达米恩·查泽雷 Damien Chazelle","主演: 迈尔斯·特勒 Miles Teller /...","2014","美国","剧情 音乐","8.7","497147","https://movie.douban.com/subject/25773932/"
"176","哈利·波特与火焰杯","导演: 迈克·内威尔 Mike Newell","主演: 丹尼尔·雷德克里夫 Daniel Radclif...","2005","英国 美国","悬疑 奇幻 冒险","8.7","527780","https://movie.douban.com/subject/1309055/"
"177","东邪西毒","导演: 王家卫 Kar Wai Wong","主演: 张国荣 Leslie Cheung / 林青霞 Brigitte...","1994","中国香港 中国台湾","剧情 动作 爱情 武侠 古装","8.6","513172","https://movie.douban.com/subject/1292328/"
"178","贫民窟的百万富翁","导演: 丹尼·鲍尔 Danny Boyle / 洛芙琳·坦丹 Loveleen Tandan","主演: 戴夫...","2008","英国","剧情 爱情","8.6","661985","https://movie.douban.com/subject/2209573/"
"179","真爱至上","导演: 理查德·柯蒂斯 Richard Curtis","主演: 休·格兰特 Hugh Grant / 柯林...","2003","英国 美国 法国","喜剧 剧情 爱情","8.6","641311","https://movie.douban.com/subject/1292401/"
"180","寄生虫","导演: 奉俊昊 Joon-ho Bong","主演: 宋康昊 Kang-ho Song / 李善均 Seon-gyun...","2019","韩国","剧情 喜剧","8.8","1193635","https://movie.douban.com/subject/27010768/"
"181","黑天鹅","导演: 达伦·阿罗诺夫斯基 Darren Aronofsky","主演: 娜塔莉·波特曼 Natalie...","2010","美国","剧情 惊悚","8.6","713035","https://movie.douban.com/subject/1978709/"
"182","萤火虫之墓","导演: 高畑勋 Isao Takahata","主演: 辰己努 / 白石绫乃 / 志乃原良子","1988","日本","动画 剧情 战争","8.7","368125","https://movie.douban.com/subject/1293318/"
"183","绿里奇迹","导演: Frank Darabont","主演: 汤姆·汉克斯 Tom Hanks / 大卫·摩斯 David M...","1999","美国","犯罪 剧情 奇幻 悬疑","8.9","271178","https://movie.douban.com/subject/1300374/"
"184","无敌破坏王","导演: 瑞奇·莫尔 Rich Moore","主演: 约翰·C·赖利 John C. Reilly / 萨拉...","2012","美国","喜剧 动画 奇幻 冒险","8.7","464047","https://movie.douban.com/subject/6534248/"
"185","冰川时代","导演: 卡洛斯·沙尔丹哈 Carlos Saldanha / 克里斯·韦奇 Chris Wedge","主演...","2002","美国","喜剧 动画 冒险","8.6","540968","https://movie.douban.com/subject/1291578/"
"186","你看起来好像很好吃","导演: 藤森雅也 Masaya Fujimori","主演: 山口胜平 Kappei Yamaguchi / 爱河...","2010","日本","剧情 动画 儿童","8.9","293440","https://movie.douban.com/subject/4848115/"
"187","雨人","导演: 巴瑞·莱文森 Barry Levinson","主演: 达斯汀·霍夫曼 Dustin Hoffman ...","1988","美国","剧情","8.7","358703","https://movie.douban.com/subject/1291870/"
"188","爱在午夜降临前","导演: 理查德·林克莱特 Richard Linklater","主演: 伊桑·霍克 Ethan Hawke ...","2013","美国 希腊","剧情 爱情","8.8","321441","https://movie.douban.com/subject/10808442/"
"189","雨中曲","导演: 斯坦利·多南 Stanley Donen / 吉恩·凯利 Gene Kelly","主演: 吉恩·...","1952","美国","喜剧 歌舞 爱情","9.1","183865","https://movie.douban.com/subject/1293460/"
"190","九品芝麻官","导演: 王晶 Jing Wong","主演: 周星驰 Stephen Chow / 吴孟达 Man Tat Ng / ...","1994","中国香港 中国大陆","剧情 喜剧 古装","8.6","549538","https://movie.douban.com/subject/1297518/"
"191","恋恋笔记本","导演: 尼克·卡索维茨 Nick Cassavetes","主演: 瑞恩·高斯林 Ryan Gosling /...","2004","美国","剧情 爱情","8.6","577844","https://movie.douban.com/subject/1309163/"
"192","疯狂的石头","导演: 宁浩 Hao Ning","主演: 郭涛 Tao Guo / 刘桦 Hua Liu / 连晋 Teddy Lin","2006","中国大陆 中国香港","喜剧 犯罪","8.5","705644","https://movie.douban.com/subject/1862151/"
"193","魔女宅急便","导演: 宫崎骏 Hayao Miyazaki","主演: 高山南 Minami Takayama / 佐久间玲 Re...","1989","日本","动画 奇幻 冒险","8.7","399186","https://movie.douban.com/subject/1307811/"
"194","恐怖游轮","导演: 克里斯托弗·史密斯 Christopher Smith","主演: 梅利莎·乔治 Melissa ...","2009","英国 澳大利亚","剧情 悬疑 惊悚","8.5","704610","https://movie.douban.com/subject/3011051/"
"195","小偷家族","导演: 是枝裕和 Hirokazu Koreeda","主演: 中川雅也 Lily Franky / 安藤樱 Sa...","2018","日本","剧情 犯罪 家庭","8.7","723611","https://movie.douban.com/subject/27622447/"
"196","2001太空漫游","导演: 斯坦利·库布里克 Stanley Kubrick","主演: 凯尔·杜拉 Keir Dullea / ...","1968","英国 美国","科幻 惊悚 冒险","8.9","264986","https://movie.douban.com/subject/1292226/"
"197","虎口脱险","导演: 杰拉尔·乌里 Gérard Oury","主演: 路易·德·菲耐斯 Louis de Funès...","1966","法国 英国","喜剧 战争","8.9","214744","https://movie.douban.com/subject/1296909/"
"198","可可西里","导演: 陆川 Chuan Lu","主演: 多布杰 Duobujie / 张磊 Lei Zhang / 亓亮 Qi L...","2004","中国大陆 中国香港","剧情 犯罪","8.8","260756","https://movie.douban.com/subject/1308857/"
"199","色，戒","导演: 李安 Ang Lee","主演: 梁朝伟 Tony Leung Chiu Wai / 汤唯 Wei Tang / ...","2007","中国台湾 中国大陆 美国 中国香港","剧情 爱情 情色","8.6","631854","https://movie.douban.com/subject/1828115/"
"200","海边的曼彻斯特","导演: 肯尼斯·罗纳根 Kenneth Lonergan","主演: 卡西·阿弗莱克 Casey Affle...","2016","美国","剧情 家庭","8.6","428135","https://movie.douban.com/subject/25980443/"
"201","城市之光","导演: Charles Chaplin","主演: 查理·卓别林 Charles Chaplin / 弗吉尼亚·...","1931","美国","喜剧 剧情 爱情","9.3","120716","https://movie.douban.com/subject/1293908/"
"202","人工智能","导演: 史蒂文·斯皮尔伯格 Steven Spielberg","主演: 海利·乔·奥斯蒙 Haley...","2001","美国 英国","剧情 科幻","8.7","385124","https://movie.douban.com/subject/1302827/"
"203","二十二","导演: 郭柯 Ke Guo","主演: ","2015","中国大陆","纪录片","8.7","264289","https://movie.douban.com/subject/26430107/"
"204","罗生门","导演: 黑泽明 Akira Kurosawa","主演: 三船敏郎 Toshirô Mifune / 京町子 ...","1950","日本","剧情 犯罪 悬疑","8.8","269751","https://movie.douban.com/subject/1291879/"
"205","牯岭街少年杀人事件","导演: 杨德昌 Edward Yang","主演: 张震 Chen Chang / 杨静怡 Lisa Yang / 张...","1991","中国台湾","剧情 犯罪","8.9","235942","https://movie.douban.com/subject/1292329/"
"206","终结者2：审判日","导演: 詹姆斯·卡梅隆 James Cameron","主演: 阿诺·施瓦辛格 Arnold Schwarz...","1991","美国 法国","动作 科幻","8.8","301584","https://movie.douban.com/subject/1291844/"
"207","初恋这件小事","导演: 普特鹏·普罗萨卡·那·萨克那卡林 Puttipong Promsaka Na Sakolnakorn / 华森·波克彭...","","2010","泰国","剧情 喜剧 爱情","8.4","886480","https://movie.douban.com/subject/4739952/"
"208","房间","导演: 伦尼·阿伯拉罕森 Lenny Abrahamson","主演: 布丽·拉尔森 Brie Larson...","2015","爱尔兰 加拿大 英国 美国","剧情 家庭","8.8","334214","https://movie.douban.com/subject/25724855/"
"209","遗愿清单","导演: 罗伯·莱纳 Rob Reiner","主演: 杰克·尼科尔森 Jack Nicholson / 摩根...","2007","美国","冒险 喜剧 剧情","8.7","365841","https://movie.douban.com/subject/1867345/"
"210","青蛇","导演: 徐克 Hark Tsui","主演: 张曼玉 Maggie Cheung / 王祖贤 Joey Wang / ...","1993","中国香港 中国大陆","剧情 爱情 奇幻 古装","8.6","453722","https://movie.douban.com/subject/1303394/"
"211","魂断蓝桥","导演: 茂文·勒鲁瓦 Mervyn LeRoy","主演: 费雯·丽 Vivien Leigh / 罗伯特·...","1940","美国","剧情 爱情 战争","8.8","242061","https://movie.douban.com/subject/1293964/"
"212","大佛普拉斯","导演: 黄信尧 Hsin-yao Huang","主演: 庄益增 Yizeng Zhuang / 陈竹昇 Chu-sh...","2017","中国台湾","剧情 喜剧","8.7","370000","https://movie.douban.com/subject/27059130/"
"213","奇迹男孩","导演: 斯蒂芬·卓博斯基 Stephen Chbosky","主演: 雅各布·特伦布莱 Jacob Tr...","2017","美国 中国香港","剧情 儿童 家庭","8.6","495808","https://movie.douban.com/subject/26787574/"
"214","源代码","导演: 邓肯·琼斯 Duncan Jones","主演: 杰克·吉伦哈尔 Jake Gyllenhaal / ...","2011","美国 加拿大","科幻 悬疑 惊悚","8.5","716426","https://movie.douban.com/subject/3075287/"
"215","新龙门客栈","导演: 李惠民 Raymond Lee","主演: 张曼玉 Maggie Cheung / 林青霞 Brigitte ...","1992","中国香港 中国大陆","动作 爱情 武侠 古装","8.6","385641","https://movie.douban.com/subject/1292287/"
"216","无耻混蛋","导演: Quentin Tarantino","主演: 布拉德·皮特 Brad Pitt / 梅拉尼·罗兰 M...","2009","德国 美国","剧情 犯罪","8.6","414381","https://movie.douban.com/subject/1438652/"
"217","步履不停","导演: 是枝裕和 Hirokazu Koreeda","主演: 阿部宽 Hiroshi Abe / 夏川结衣 Yu...","2008","日本","剧情 家庭","8.8","237972","https://movie.douban.com/subject/2222996/"
"218","燃情岁月","导演: 爱德华·兹威克 Edward Zwick","主演: 布拉德·皮特 Brad Pitt / 安东...","1994","美国","剧情 爱情 战争 西部","8.8","254424","https://movie.douban.com/subject/1295865/"
"219","海洋","导演: 雅克·贝汉 Jacques Perrin / 雅克·克鲁奥德 Jacques Cluzaud","主演:...","2009","法国 瑞士 西班牙 美国 阿联酋 摩纳哥","纪录片","9.1","144817","https://movie.douban.com/subject/3443389/"
"220","无间道2","导演: 刘伟强 / 麦兆辉","主演: 陈冠希 / 余文乐 / 曾志伟","2003","中国香港","剧情 犯罪 惊悚","8.7","382773","https://movie.douban.com/subject/1307106/"
"221","疯狂的麦克斯4：狂暴之路","导演: 乔治·米勒 George Miller","主演: 汤姆·哈迪 Tom Hardy / 查理兹·塞...","2015","澳大利亚 美国","动作 科幻 冒险","8.6","457514","https://movie.douban.com/subject/3592854/"
"222","东京教父","导演: 今敏 Satoshi Kon","主演: 江守彻 Toru Emori / 梅垣义明 Yoshiaki Ume...","2003","日本","剧情 喜剧 动画","9.0","170508","https://movie.douban.com/subject/1310177/"
"223","血钻","导演: 爱德华·兹威克 Edward Zwick","主演: 莱昂纳多·迪卡普里奥 Leonardo ...","2006","美国 德国 英国","剧情 惊悚 冒险","8.7","323524","https://movie.douban.com/subject/1428175/"
"224","战争之王","导演: 安德鲁·尼科尔 Andrew Niccol","主演: 尼古拉斯·凯奇 Nicolas Cage /...","2005","法国 德国 美国","剧情 犯罪","8.7","312900","https://movie.douban.com/subject/1419936/"
"225","谍影重重2","导演: 保罗·格林格拉斯 Paul Greengrass","主演: 马特·达蒙 Matt Damon / ...","2004","美国 德国","动作 悬疑 惊悚","8.7","310079","https://movie.douban.com/subject/1308767/"
"226","穿越时空的少女","导演: 细田守 Mamoru Hosoda","主演: 仲里依纱 Riisa Naka / 石田卓也 Takuya...","2006","日本","剧情 爱情 科幻 动画","8.6","340452","https://movie.douban.com/subject/1937946/"
"227","彗星来的那一夜","导演: 詹姆斯·沃德·布柯特 James Ward Byrkit","主演: 艾米丽·芭尔多尼 Em...","2013","美国 英国","科幻 悬疑 惊悚","8.5","471198","https://movie.douban.com/subject/25807345/"
"228","千钧一发","导演: 安德鲁·尼科尔 Andrew Niccol","主演: 伊桑·霍克 Ethan Hawke / 乌玛...","1997","美国","剧情 科幻 惊悚","8.8","241198","https://movie.douban.com/subject/1300117/"
"229","茶馆","导演: 谢添 Tian Xie","主演: 于是之 Shizhi Yu / 郑榕 Rong Zhen / 蓝天野 T...","1982","中国大陆","剧情 历史","9.5","86340","https://movie.douban.com/subject/1461403/"
"230","阿飞正传","导演: 王家卫 Kar Wai Wong","主演: 张国荣 Leslie Cheung / 张曼玉 Maggie C...","1990","中国香港","犯罪 剧情 爱情","8.5","438558","https://movie.douban.com/subject/1305690/"
"231","地球上的星星","导演: 阿米尔·汗 Aamir Khan","主演: 达席尔·萨法瑞 Darsheel Safary / 阿...","2007","印度","剧情 儿童 家庭","8.9","181898","https://movie.douban.com/subject/2363506/"
"232","谍影重重","导演: 道格·里曼 Doug Liman","主演: 马特·达蒙 Matt Damon / 弗兰卡·波坦...","2002","美国 德国 捷克","动作 悬疑 惊悚","8.6","371825","https://movie.douban.com/subject/1304102/"
"233","香水","导演: 汤姆·提克威 Tom Tykwer","主演: 本·卫肖 Ben Whishaw / 艾伦·瑞克...","2006","德国 法国 西班牙 美国 比利时","剧情 犯罪 奇幻","8.5","487503","https://movie.douban.com/subject/1760622/"
"234","背靠背，脸对脸","导演: 黄建新 Jianxin Huang / 杨亚洲 Yazhou Yang","主演: 牛振华 Zhenhua N...","1994","中国大陆 中国香港","剧情","9.5","87853","https://movie.douban.com/subject/1307856/"
"235","黑客帝国2：重装上阵","导演: 拉娜·沃卓斯基 Lana Wachowski / 莉莉·沃卓斯基 Lilly Wachowski","...","2003","美国","动作 科幻","8.6","346579","https://movie.douban.com/subject/1304141/"
"236","完美陌生人","导演: 保罗·格诺维瑟 Paolo Genovese","主演: 马可·贾利尼 Marco Giallini ...","2016","意大利","剧情 喜剧","8.5","471263","https://movie.douban.com/subject/26614893/"
"237","朗读者","导演: 史蒂芬·戴德利 Stephen Daldry","主演: 凯特·温丝莱特 Kate Winslet ...","2008","美国 德国","剧情 爱情","8.6","411865","https://movie.douban.com/subject/2213597/"
"238","崖上的波妞","导演: 宫崎骏 Hayao Miyazaki","主演: 奈良柚莉爱 Yuria Nara / 土井洋辉 Hir...","2008","日本","动画 奇幻 冒险","8.6","409241","https://movie.douban.com/subject/1959877/"
"239","再次出发之纽约遇见你","导演: 约翰·卡尼 John Carney","主演: 凯拉·奈特莉 Keira Knightley / 马克...","2013","美国","喜剧 爱情 音乐","8.6","373266","https://movie.douban.com/subject/6874403/"
"240","我爱你","导演: 秋昌民 Chang-min Choo","主演: 宋在河 Jae-ho Song / 李顺载 Soon-jae...","2011","韩国","剧情 爱情","9.1","144825","https://movie.douban.com/subject/5908478/"
"241","猜火车","导演: 丹尼·博伊尔 Danny Boyle","主演: 伊万·麦克格雷格 Ewan McGregor / ...","1996","英国","剧情 犯罪","8.6","376684","https://movie.douban.com/subject/1292528/"
"242","浪潮","导演: 丹尼斯·甘塞尔 Dennis Gansel","主演: 尤尔根·沃格尔 Jürgen Vogel ...","2008","德国","剧情 惊悚","8.7","240264","https://movie.douban.com/subject/2297265/"
"243","聚焦","导演: 托马斯·麦卡锡 Thomas McCarthy","主演: 马克·鲁弗洛 Mark Ruffalo /...","2015","美国","剧情 传记","8.8","244950","https://movie.douban.com/subject/25954475/"
"244","追随","导演: 克里斯托弗·诺兰 Christopher Nolan","主演: 杰里米·西奥伯德 Jeremy...","1998","英国","犯罪 悬疑 惊悚","8.9","159893","https://movie.douban.com/subject/1397546/"
"245","小萝莉的猴神大叔","导演: 卡比尔·汗 Kabir Khan","主演: 萨尔曼·汗 Salman Khan / 哈莎莉·马...","2015","印度","剧情 喜剧 动作","8.4","435134","https://movie.douban.com/subject/26393561/"
"246","末路狂花","导演: 雷德利·斯科特 Ridley Scott","主演: 吉娜·戴维斯 Geena Davis / 苏...","1991","美国 英国 法国","犯罪 剧情 惊悚","8.8","194219","https://movie.douban.com/subject/1291992/"
"247","东京物语","导演: 小津安二郎 Yasujirô Ozu","主演: 笠智众 Chishû Ryû / 原节...","1953","日本","剧情 家庭","9.1","120280","https://movie.douban.com/subject/1291568/"
"248","发条橙","导演: 斯坦利·库布里克 Stanley Kubrick","主演: 马尔科姆·麦克道威尔 Malc...","1971","英国 美国","犯罪 剧情 科幻","8.6","323912","https://movie.douban.com/subject/1292233/"
"249","爱乐之城","导演: 达米恩·查泽雷 Damien Chazelle","主演: 瑞恩·高斯林 Ryan Gosling /...","2016","美国","剧情 爱情 歌舞","8.4","735830","https://movie.douban.com/subject/25934014/"
"250","一次别离","导演: 阿斯哈·法哈蒂  Asghar Farhadi","主演: 佩曼·莫阿迪 Peyman Moadi /...","2011","伊朗 法国","剧情 家庭","8.7","227899","https://movie.douban.com/subject/5964718/"
